{
  "per_topic_sentiment": {
    "zero_shot": {
      "Workload": {
        "n": 395,
        "accuracy": 0.4430379746835443,
        "f1_macro": 0.32741577936557975
      },
      "Grading": {
        "n": 427,
        "accuracy": 0.6088992974238876,
        "f1_macro": 0.3972722944427369
      },
      "Teaching Quality": {
        "n": 1086,
        "accuracy": 0.7955801104972375,
        "f1_macro": 0.5047138651171399
      },
      "Accessibility": {
        "n": 312,
        "accuracy": 0.7435897435897436,
        "f1_macro": 0.3073252688172043
      },
      "Exam Difficulty": {
        "n": 433,
        "accuracy": 0.5866050808314087,
        "f1_macro": 0.39592461907318793
      },
      "_topic_detection": {
        "f1_macro": 0.5899270763531097,
        "f1_micro": 0.6269026110629873,
        "f1_per_topic": {
          "Workload": 0.5334346504559271,
          "Grading": 0.5219605346912795,
          "Teaching Quality": 0.928789864569681,
          "Accessibility": 0.41710427606901723,
          "Exam Difficulty": 0.5483460559796438
        }
      }
    },
    "finetuned": {
      "Workload": {
        "n": 395,
        "accuracy": 0.5594936708860759,
        "f1_macro": 0.39679803676957226
      },
      "Grading": {
        "n": 427,
        "accuracy": 0.7072599531615925,
        "f1_macro": 0.40145662494605094
      },
      "Teaching Quality": {
        "n": 1086,
        "accuracy": 0.8572744014732965,
        "f1_macro": 0.5431876835668545
      },
      "Accessibility": {
        "n": 312,
        "accuracy": 0.7211538461538461,
        "f1_macro": 0.39488568101584015
      },
      "Exam Difficulty": {
        "n": 433,
        "accuracy": 0.6928406466512702,
        "f1_macro": 0.4232708371580687
      },
      "_topic_detection": {
        "f1_macro": 0.8322159033347459,
        "f1_micro": 0.8685670556724698,
        "f1_per_topic": {
          "Workload": 0.76,
          "Grading": 0.838479809976247,
          "Teaching Quality": 0.9530751708428246,
          "Accessibility": 0.763458401305057,
          "Exam Difficulty": 0.8460661345496009
        }
      }
    }
  },
  "overall_sentiment": {
    "baseline": {
      "accuracy": 0.745425616547335,
      "f1_macro": 0.5919658351558367,
      "f1_per_class": {
        "negative": 0.729693741677763,
        "neutral": 0.19402985074626866,
        "positive": 0.8521739130434782
      },
      "confusion_matrix": [
        [
          274,
          78,
          81
        ],
        [
          21,
          26,
          70
        ],
        [
          23,
          47,
          637
        ]
      ],
      "report": "              precision    recall  f1-score   support\n\n    negative       0.86      0.63      0.73       433\n     neutral       0.17      0.22      0.19       117\n    positive       0.81      0.90      0.85       707\n\n    accuracy                           0.75      1257\n   macro avg       0.61      0.59      0.59      1257\nweighted avg       0.77      0.75      0.75      1257\n"
    },
    "zero_shot": {
      "accuracy": 0.7143993635640413,
      "f1_macro": 0.5937210931092497,
      "f1_per_class": {
        "negative": 0.7131367292225201,
        "neutral": 0.23563218390804597,
        "positive": 0.8323943661971831
      },
      "confusion_matrix": [
        [
          266,
          101,
          66
        ],
        [
          20,
          41,
          56
        ],
        [
          27,
          89,
          591
        ]
      ],
      "report": "              precision    recall  f1-score   support\n\n    negative       0.85      0.61      0.71       433\n     neutral       0.18      0.35      0.24       117\n    positive       0.83      0.84      0.83       707\n\n    accuracy                           0.71      1257\n   macro avg       0.62      0.60      0.59      1257\nweighted avg       0.78      0.71      0.74      1257\n"
    },
    "finetuned": {
      "accuracy": 0.8114558472553699,
      "f1_macro": 0.6888939680247997,
      "f1_per_class": {
        "negative": 0.8069364161849711,
        "neutral": 0.39344262295081966,
        "positive": 0.8663028649386084
      },
      "confusion_matrix": [
        [
          349,
          9,
          75
        ],
        [
          32,
          36,
          49
        ],
        [
          51,
          21,
          635
        ]
      ],
      "report": "              precision    recall  f1-score   support\n\n    negative       0.81      0.81      0.81       433\n     neutral       0.55      0.31      0.39       117\n    positive       0.84      0.90      0.87       707\n\n    accuracy                           0.81      1257\n   macro avg       0.73      0.67      0.69      1257\nweighted avg       0.80      0.81      0.80      1257\n"
    }
  },
  "agreement": {
    "zero_shot_vs_finetuned": 0.5019652866887283,
    "zero_shot_vs_baseline": 0.5590920920128084,
    "finetuned_vs_baseline": 0.5346201542028362
  }
}